[{"id":59494273,"title":"Blog Template","order":1,"templateKey":"blog","customTemplate":false,"customTemplateFilename":null,"pageLinks":[],"dateCreated":"2025-09-04T12:30:56.381Z","dateUpdated":"2025-09-04T12:31:04.055Z","folderId":null,"pageName":"Blog Template","sectionCount":1,"status":2},{"id":987619557,"title":"Post Template","order":2,"templateKey":"post","customTemplate":false,"customTemplateFilename":null,"pageLinks":[],"dateCreated":"2025-09-04T12:30:56.623Z","dateUpdated":"2025-09-04T12:31:04.055Z","folderId":null,"pageName":"Post Template","sectionCount":1,"status":2},{"id":4628967,"title":"Product List Template","order":3,"templateKey":"products","customTemplate":false,"customTemplateFilename":null,"pageLinks":[],"dateCreated":"2025-09-04T12:30:56.889Z","dateUpdated":"2025-09-04T12:31:04.056Z","folderId":null,"pageName":"Product List Template","sectionCount":1,"status":2},{"id":276605887,"title":"Product Details Template","order":4,"templateKey":"product","customTemplate":false,"customTemplateFilename":null,"pageLinks":[],"dateCreated":"2025-09-04T12:30:57.186Z","dateUpdated":"2025-09-04T12:31:04.056Z","folderId":null,"pageName":"Product Details Template","sectionCount":1,"status":2},{"id":172215744,"title":"Shopping Cart Template","order":5,"templateKey":"cart","customTemplate":false,"customTemplateFilename":null,"pageLinks":[],"dateCreated":"2025-09-04T12:30:57.442Z","dateUpdated":"2025-09-04T12:31:04.056Z","folderId":null,"pageName":"Shopping Cart Template","sectionCount":1,"status":2},{"id":194990299,"title":"Login Template","order":7,"templateKey":"login","customTemplate":false,"customTemplateFilename":null,"pageLinks":[],"dateCreated":"2025-09-04T12:30:57.752Z","dateUpdated":"2025-09-04T12:31:04.056Z","folderId":null,"pageName":"Login Template","sectionCount":1,"status":2},{"id":155828565,"title":"Search Template","order":8,"templateKey":"Search","customTemplate":false,"customTemplateFilename":null,"pageLinks":[],"dateCreated":"2025-09-04T12:30:57.905Z","dateUpdated":"2025-09-04T12:31:04.056Z","folderId":null,"pageName":"Search Template","sectionCount":1,"status":2},{"id":35677515,"title":"Password Template","order":9,"templateKey":"password","customTemplate":false,"customTemplateFilename":null,"pageLinks":[],"dateCreated":"2025-09-04T12:30:58.068Z","dateUpdated":"2025-09-04T12:31:04.056Z","folderId":null,"pageName":"Password Template","sectionCount":1,"status":2},{"id":186750893,"title":"404 Not Found Template","order":10,"templateKey":"404","customTemplate":false,"customTemplateFilename":null,"pageLinks":[],"dateCreated":"2025-09-04T12:30:58.189Z","dateUpdated":"2025-09-04T12:31:04.056Z","folderId":null,"pageName":"404 Not Found Template","sectionCount":1,"status":2},{"id":2239015311,"title":"Thank You Template","order":11,"templateKey":"ThankYou","customTemplate":false,"customTemplateFilename":null,"pageLinks":[],"dateCreated":"2025-09-04T12:30:58.287Z","dateUpdated":"2025-09-04T12:31:04.056Z","folderId":null,"pageName":"Thank You Template","sectionCount":1,"status":2},{"id":265453128,"title":"Главная","order":12,"templateKey":null,"customTemplate":false,"customTemplateFilename":null,"pageLinks":[],"dateCreated":"2025-09-04T12:32:44.823Z","dateUpdated":"2025-09-04T12:38:11.088Z","folderId":null,"pageName":"Главная_265453128","sectionCount":8,"status":2},{"id":78486686,"title":"Лендинг","order":13,"templateKey":null,"customTemplate":false,"customTemplateFilename":null,"pageLinks":[],"dateCreated":"2025-09-04T12:32:49.310Z","dateUpdated":"2025-09-04T12:32:49.310Z","folderId":null,"pageName":"Лендинг_78486686","sectionCount":9,"status":2},{"id":22410396,"title":"О нас","order":14,"templateKey":null,"customTemplate":false,"customTemplateFilename":null,"pageLinks":[],"dateCreated":"2025-09-04T12:32:53.361Z","dateUpdated":"2025-09-04T12:32:53.361Z","folderId":null,"pageName":"О нас_22410396","sectionCount":8,"status":2}]